index,disease_name,description,Possible Steps,image_url
0,Elma : Uyuz,"Elma uyuz hastalığı, Minnesota'daki elma ve yengeç elması ağaçlarının en yaygın hastalığıdır. Uyuz, hem yaprakları hem de meyveleri enfekte eden bir mantardan kaynaklanır. Uyuzlu meyveler genellikle yenmeye uygun değildir. Enfekte olmuş yapraklarda zeytin yeşili ila kahverengi lekeler bulunur. Çok sayıda yaprak lekesi olan yapraklar sararır ve erken düşer. Yaprak dökülmesi, üst üste uzun yıllar meydana geldiğinde ağacı zayıflatır. Hastalığa dayanıklı çeşitler ekmek, uyuz hastalığıyla başa çıkmanın en iyi yoludur.","Mümkün olduğunda dirençli çeşitleri seçin. Ağaçların altını tırmıklayın ve hastalık döngüsünü gelecek baharda tekrar başlatmak için mevcut mantar sporlarının sayısını azaltmak için enfekte olmuş yaprakları yok edin. Enfeksiyon oluşmadan önce yaprakların kuruması için zaman vermek için akşam veya sabahın erken saatlerinde sulayın (üstten sulamadan kaçının). Toprağı örtmek ve mantar sporlarının sıçrama yoluyla dağılmasını önlemek için ağaçların altına 3 ila 6 inçlik bir kompost tabakası yayın, gövdeden uzak tutun. En iyi kontrol için, sıvı bakır sabunu erken, semptomlar normalde ortaya çıkmadan iki hafta önce püskürtün. Alternatif olarak, hastalık ilk ortaya çıktığında uygulamalara başlayın ve çiçek düşene kadar 7 ila 10 günlük aralıklarla tekrarlayın.",https://extension.umn.edu/sites/extension.umn.edu/files/apple-scab-1.jpg
1,Elma : Siyah Çürüklük,"Yaprak belirtileri ilk olarak ilkbaharın başlarında yapraklar açıldığında ortaya çıkar. Yaprakların üst yüzeyinde küçük, mor lekeler olarak belirir ve çapı 1/8 ila 1/4 inç (3-6 mm) olan dairesel lezyonlara dönüşür. Lezyonların kenarları mor kalırken, ortası ten renginden kahverengiye döner. Birkaç hafta içinde, bu yaprak lekelerinin ikincil büyümesi meydana gelir. Ağır enfekte olmuş yapraklar klorotik hale gelir ve yaprak dökülmesi meydana gelir. Çürümüş alan genişledikçe, siyahtan kahverengiye değişen renkte, tekdüze genişlikte bir dizi eşmerkezli bant oluşur. Çürümüş alanın eti sıkı ve kösele kalır. Enfekte meyvenin yüzeyinde genellikle siyah piknidyumlar görülür.","En az 15 inç uçtan budayarak kanserleri çıkarın ve yakın veya gömün. Ayrıca yeni sezon budamalarında önleyici bakım yapın ve bunları da yakın. Uykuda sezonda budama yapmak daha iyidir. Bu, yangın yanıklığının ağacınızı enfekte etme ve Botryosphaeria tarafından kolayca enfekte edilebilen ölü doku üretme olasılığını en aza indirecektir. Ayrıca, kabuk dolu nedeniyle hasar görürse veya dallar bir fırtına sırasında kırılırsa önlemler almalısınız. Bakır bazlı bir mantar ilacı kullanmak hem siyah çürümeye hem de yangın yanıklığına karşı koruma sağlayacaktır.",http://www.omafra.gov.on.ca/english/crops/facts/blackrotf1.jpg
2,Elma : Sedir pası,"Sedir elma pası (Gymnosporangium juniperi-virginianae), ardıç bitkilerinin karmaşık iki yıllık yaşam döngüsünü tamamlamasını gerektiren bir mantar hastalığıdır. Sporlar, çeşitli ardıç türlerinin genç dallarında kırmızımsı kahverengi bir gal olarak kışlar. İlkbaharın başlarında, yağışlı havalarda, bu galler şişer ve parlak turuncu spor kütleleri rüzgarla savrularak hassas elma ve yengeç elması ağaçlarını enfekte eder. Bu ağaçlarda gelişen sporlar, yalnızca ertesi yıl ardıçları enfekte eder. Hastalık yıldan yıla ardıçlardan elmalara ve tekrar ardıçlara geçmelidir; elma ağaçları arasında yayılamaz.","Mümkün olduğunda dirençli çeşitleri seçin. Ağaçların altından düşen yaprakları ve diğer döküntüleri toplayın ve atın. Enfekte ardıçlardan safraları temizleyin. Bazı durumlarda ardıç bitkileri tamamen çıkarılmalıdır. Elmalarda kullanılmak üzere etiketlenmiş önleyici, hastalıkla savaşan mantar ilaçlarını, ardıç konukçusu tarafından salınan sporlardan ağaçları korumak için tomurcuk patlamasıyla başlayarak haftada bir uygulayın. Bu yılda yalnızca bir kez gerçekleşir, bu nedenle bu ilkbahar yayılmasından sonra ek uygulamalar gerekli değildir. Ardıçta pas, Ağustos sonu ile Ekim sonu arasında en az dört kez bitkilere bakır çözeltisi (galon başına 0,5 ila 2,0 oz) püskürtülerek kontrol edilebilir. Çoğu mantar ve bakteri hastalığını SERENADE Garden ile güvenli bir şekilde tedavi edin. Bu geniş spektrumlu biyo-mantar ilacı, organik kullanım için kayıtlı patentli bir Bacillus subtilis türü kullanır. En iyisi, SERENADE bal arıları ve faydalı böcekler için tamamen toksik değildir.",https://www.google.com/imgres?q=KATYAYANI%20ORGAN%C4%B0K%20FUNG%C4%B0S%C4%B0T%20Katyayani%20Organik&imgurl=https%3A%2F%2Fwww.katyayaniorganics.com%2Fwp-content%2Fuploads%2F2022%2F06%2F400gm_13.jpg&imgrefurl=https%3A%2F%2Fwww.katyayaniorganics.com%2Fproduct%2Fall-in-1-organic-fungicide%2F&docid=ojrplwAg-kOwzM&tbnid=uEplFe7DyWr79M&vet=12ahUKEwij0bzxvo6MAxXmS_EDHYt8ARcQM3oECEYQAA..i&w=1200&h=1200&hcb=2&ved=2ahUKEwij0bzxvo6MAxXmS_EDHYt8ARcQM3oECEYQAA
3,Elma : Sağlıklı,"Çoğu meyve gibi elmalar da tam güneşte yetiştirildiğinde en iyi verimi verir, bu da günde altı veya daha fazla saat doğrudan yaz güneşi anlamına gelir. Elmalar için en iyi maruz kalma, güneyden ziyade bir evin, ağaç sınırının veya yükseltinin kuzey tarafıdır. Elma ağaçları iyi drene edilmiş toprağa ihtiyaç duyar, ancak bir miktar nemi tutabilmelidir.",Elmalar Besleyicidir. Elmalar Kilo Vermek İçin İyi Olabilir. Elmalar Kalbiniz İçin İyi Olabilir. Diyabet Riskinin Daha Düşük Olması ile Bağlantılıdır. Prebiyotik Etkileri Olabilir ve İyi Bağırsak Bakterilerini Destekleyebilir. Elmalardaki Maddeler Kanseri Önlemeye Yardımcı Olabilir.,https://previews.123rf.com/images/msnobody/msnobody1508/msnobody150800002/43698436-güneşli bir günde-organik-tarım-taze-sağlıklı-doğada-elma ağacının-dalında-kırmızı-elma.jpg
4,Yapraksız Arka Plan,Verilen resimde yaprak yok,Lütfen yapraklı resmi tekrar yükleyin,https://cdn.onlinewebfonts.com/svg/img_332817.png
5,Yaban Mersini : Sağlıklı,"Yaban mersini kalorisi düşük ama besin değeri yüksektir. ... Yaban mersini antioksidan gıdaların kralıdır. ... Yaban mersini DNA hasarını azaltır, bu da yaşlanmaya ve kansere karşı korumaya yardımcı olabilir. ... Yaban mersini kanınızdaki kolesterolün hasar görmesini önler. ... Yaban mersini kan basıncını düşürebilir.","Turba yosunu, çam iğneleri veya iyi yaşlandırılmış talaş gibi derin, düşük pH'lı malç suyu korur ve toprak su dalgalanmalarını en aza indirir. Yaban mersini bitkilerini gün içinde sulayın. Toprağı nemli tutun ancak ıslak değil. Büyüme mevsimi boyunca haftada en az 1 inç ve meyve olgunlaşması sırasında haftada 4 inçe kadar su verin. Yaban mersini sığ köklü bir bitkidir. Bu nedenle, nemi tutan, aynı zamanda iyi drene olan ve ıslak kalmayan bir toprağa ihtiyaç duyar. Yaban mersinlerini ıslak kalan ağır, killi topraklara sahip yerlere dikmeyin.",https://image.shutterstock.com/image-photo/blueberry-leaf-collection-isolated-on-260nw-308491814.jpg
6,Kiraz : Toz halinde küf,"İlk belirtiler, genellikle ilk sulamanın başlamasından 7 ila 10 gün sonra ortaya çıkar ve genç, hassas yapraklarda (yeni açılmış ve açık yeşil genişleyen yapraklar) hafif, kabaca dairesel, tozlu görünümlü lekelerdir. Daha yaşlı yapraklar küllemeye karşı yaşa bağlı (ontojenik) bir direnç geliştirir ve doğal olarak genç yapraklardan enfeksiyona daha dirençlidir. Nemin yüksek olduğu kök sürgünlerinde, gölgeliğin iç kısmında veya ağacın çatalında erken yaprak enfeksiyonları arayın. Diğer mantarların aksine, küllemeler çimlenmek için serbest suya ihtiyaç duymazlar ancak çimlenme ve mantar büyümesi yüksek nem tarafından desteklenir. Hastalığın yaprakların alt taraflarında (abaksiyel) başlaması daha olasıdır ancak daha sonraki aşamalarda her iki tarafta da ortaya çıkar. Mevsim ilerledikçe ve enfeksiyon rüzgarla yayıldıkça, yapraklar bozulabilir ve yukarı doğru kıvrılabilir. Şiddetli enfeksiyonlar yaprakların buruşmasına ve bükülmesine neden olabilir. Yeni sürgünlerde yeni gelişen yapraklar giderek daha küçük hale gelir, genellikle soluktur ve bozulmuş olabilir.","Kesme kenarlarını dezenfekte edin, ardından bitkinin hastalıklı kısımlarını hemen budayın ve atın. Aynı zamanda, meyve ağacındaki kalan yaprakları korumak için mantar öldürücüler uygulayın. Ağaçları tüm sezon boyunca korumak için mantar öldürücü uygulamalarını etiket talimatlarına göre tekrarlamanız gerekecektir.",http://treefruit.wsu.edu/wp-content/uploads/2017/05/Fig1.png
7,Kiraz : Sağlıklı,"Ekşi ve tatlı kirazlar arasında bakımda hiçbir fark yoktur. Nemi korumak için malç uygulayın. Meyveleri kuşlardan korumak için ağaçların üzerine file örtün. Kuru alanlarda düzenli olarak sulayın. Kiraz ağaçları için meyveleri seyreltmek gerekli değildir, çünkü genellikle yaz başında doğal olarak seyrelirler.",Besinlerle doludur. Antioksidanlar ve iltihap giderici bileşikler açısından zengindir. Egzersiz sonrası iyileşmeyi hızlandırabilir. Kalp sağlığına fayda sağlayabilir. Artrit ve gut semptomlarını iyileştirebilir. Uyku kalitesini iyileştirebilir. Diyetinize eklemek kolaydır.,https://previews.123rf.com/images/annafrby/annafrby1907/annafrby190700078/127086189-dalda-kiraz-yeşilyaprak-sağlıklı-yiyecek-taze-meyve-iki-olgun-meyveler-l.jpg
8,Mısır : Cercospora Yaprak Lekesi | Gri Yaprak Lekesi,"Mısırda Cercospora zeae-maydis mantarının neden olduğu gri yaprak lekesi, Amerika Birleşik Devletleri'nde çok yıllık ve ekonomik olarak zararlı bir hastalıktır. 1990'ların ortalarından bu yana, hastalığın Indiana'da önemi artmıştır ve artık eyaletteki mısırın en önemli yaprak hastalıklarından biridir. Gri yaprak lekesi hastalığı, Magnaporthe grisea olarak da bilinen Pyricularia grisea mantarının neden olduğu bir hastalıktır. Florida'da yaygın olan sık sıcak yağmurlu dönemler, bu mantar hastalığı için elverişli koşullar yaratır. Bu mantar büyümeyi yavaşlatır, yerleşik standları inceltir ve St.",Derinlemesine ama seyrek olarak sulayın. Hastalık aktifken çimlerde çıkış sonrası yabani ot öldürücüler kullanmaktan kaçının. Orta ila yüksek nitrojen gübre seviyelerinden kaçının. Çimlerde hava sirkülasyonunu ve ışık seviyesini iyileştirin. Uygun yükseklikte biçin ve yalnızca çim kuruduğunda biçin.,https://upload.wikimedia.org/wikipedia/commons/thumb/1/12/Gray_leaf_spot_Cercospora_zeae-maydis_5465607.png/330px-Gray_leaf_spot_Cercospora_zeae-maydis_5465607.png
9,Mısır : Yaygın Pas,"Mısır tarlalarında büyüme mevsimi boyunca her zaman birkaç pas püstülü bulunabilse de, belirtiler genellikle püsküllenmeden sonra ortaya çıkar. Bunlar, mısır yapraklarının hem üst hem de alt yüzeylerine dağılmış koyu, kırmızımsı kahverengi püstüllerin (uredinia) gelişmesiyle diğer hastalıklardan kolayca tanınabilir ve ayırt edilebilir. Bu püstüller bitkinin toprak üstündeki herhangi bir yerinde ortaya çıkabilir, ancak yapraklarda en bol miktarda bulunur. Püstüller oval ila uzunlamasına görünür, genellikle küçüktür, 1/4 inçten daha kısadır ve yaprak epidermal tabakası tarafından delinmiş halde çevrelenmiştir.","Mısır pası vakalarını azaltmak için yalnızca mantara karşı direnci olan mısır ekin. Direnç, ırka özgü direnç veya kısmi pas direnci şeklindedir. Her iki durumda da hiçbir tatlı mısır tamamen dirençli değildir. Mısır enfeksiyon belirtileri göstermeye başlarsa, hemen bir mantar ilacı püskürtün.",https://ohioline.osu.edu/sites/ohioline/files/imce/Plant_Pathology/PLNTPTH-CER-02_Figür_1.png
10,Mısır : Kuzey Yaprak Yanıklığı,"Kuzey mısır yaprak yanıklığı (NCLB), Setosphaeria turcica mantarı tarafından meydana gelir. Belirtiler genellikle ilk önce alt yapraklarda görülür. Yaprak lezyonları uzundur (1 ila 6 inç) ve eliptiktir, ilk başta gri-yeşildir ancak daha sonra soluk gri veya kahverengiye döner. Nemli koşullar altında, genellikle alt yaprak yüzeyinde koyu gri sporlar üretilir ve bu da lezyonlara ""kirli"" gri bir görünüm verir. Şiddetli şekilde yanıklanmış bitkilerdeki tüm yapraklar ölebilir, bu nedenle tek tek lezyonlar görünmez. Lezyonlar başakların dış kabuğunda meydana gelebilir ancak çekirdekler enfekte değildir. Mantara karşı direnç için bir Ht geni içeren melezlerde, lezyonlar daha küçük, klorotiktir ve doğrusal çizgilere dönüşebilir. Bu lezyonlar nadiren spor üretir.","Fungisit uygulamaları Kuzey Mısır Yaprak Yanıklığı hasarını azalttı ve verimi korudu. Fungisit değeri, hassas mısır melezlerinde verimi azaltmada daha yüksekti. Fungisitler, hastalık başlangıcında uygulanırsa en etkiliydi. Hastalığın başlangıcı büyüme aşamalarına göre değişiyordu ve bu nedenle fungisitleri uygulamak için en iyi aşamaydı.",https://crop-protection-network.s3.amazonaws.com/articles/NLB-Daren-Mueller-02.jpg
11,Mısır : Sağlıklı,"Mısır bitkileri gündüzleri 75 ila 80 derece Fahrenheit ve geceleri 65 ila 70 derece Fahrenheit sıcaklıklarını tercih eder. Toprak sürekli nemli tutulmalı, ancak ıslak olmamalıdır ve sadece 6 ayda bir gübreye ihtiyaçları vardır. Dracaena düşük ışık koşullarına dayanabilmesine rağmen, parlak ancak dolaylı ışığa yerleştirildiğinde en iyi performansı gösterir. Bir bitkinin birkaç sarı yaprak üretmesi doğaldır, bunda endişelenecek bir şey yoktur. Ancak aynı anda çok sayıda sarı yaprak üretiyorsa, diyelim ki beş veya altı, aşırı sulama yapıyor olabilirsiniz veya bitki ışık eksikliğinden muzdarip olabilir.","Mısırın birçok sağlık faydası vardır. Yüksek lif içeriği nedeniyle sindirime yardımcı olabilir. Ayrıca genel sağlığınız için önemli olan değerli B vitaminleri içerir. Mısır ayrıca vücudumuza çinko, magnezyum, bakır, demir ve manganez gibi temel mineraller sağlar.",https://c8.alamy.com/comp/A85TR2/mısır-mısır-bitkisinin-sağlıklı-yeşil-yaprakları-oldukça-açılan-A85TR2.jpg
12,Üzüm : Siyah Çürüklük,"Üzüm siyah çürüklüğü, sıcak ve nemli havalarda üzüm asmalarına saldıran bir ascomycetous mantarı olan Guignardia bidwellii'nin neden olduğu bir mantar hastalığıdır. ""Üzüm siyah çürüklüğü, doğu Kuzey Amerika'da ortaya çıkmıştır ancak artık Avrupa, Güney Amerika ve Asya'nın bazı kısımlarında görülmektedir. Sıcak ve nemli iklimlerde tam ürün kaybına neden olabilir ancak kurak yazların yaşandığı bölgelerde neredeyse hiç görülmez."" Adı, yapraklarda büyüyen kahverengi lekelerin sınırını oluşturan siyah saçaktan gelir. Hastalık ayrıca bitkinin diğer kısımlarına da saldırır, ""asmanın tüm yeşil kısımları: sürgünler, yaprak ve meyve sapları, filizler ve meyve. En zararlı etkisi meyveyedir""","Mancozeb, BONIDE MANCOZEB FLOWABLE fungisit olarak mevcuttur. %37 Mancozeb içerir ve siyah çürümeyi kontrol etmede çok etkili olmalıdır. Nova (miklobutanil), IMMUNOX FUNGICIDE olarak mevcuttur. %1,55 miklobutanildir ve siyah çürümeyi kontrol etmede etkili olmalıdır.",https://upload.wikimedia.org/wikipedia/commons/thumb/c/cb/Guignardia_bidwellii_08.jpg/330px-Guignardia_bidwellii_08.jpg
13,Üzüm : Esca | Kara Kızamık,"Üzüm kızamığı, esca, kara kızamık veya İspanyol kızamığı olarak da bilinir, semptomlarının gizemli ifadesi ve uzun süredir tanımlanabilir nedensel organizma(lar)ın eksikliği ile üzüm yetiştiricilerini uzun süredir rahatsız etmektedir. 'Kızamık' adı, meyvede bulunan yüzeysel noktalara atıfta bulunur (Şekil 1). Sezon boyunca, noktalar kabuk yüzeyinde birleşerek meyveleri siyah görünüme kavuşturabilir. Lekelenme, meyve tutumu ile hasattan birkaç gün önce herhangi bir zamanda gelişebilir. Meyve tutumunda etkilenen meyveler olgunlaşma eğiliminde olmaz ve buruşup kurur. Lekelenmeye ek olarak, sezonun ilerleyen dönemlerinde etkilenen meyvelerde acı bir tat da olur. Yaprak semptomları, enfeksiyonlar yıldan yıla şiddetli olduğunda bir 'kaplan çizgisi' deseni (Şekil 2-alt yaprak) ile karakterize edilir. Hafif enfeksiyonlar, diğer hastalıklarla veya besin eksiklikleriyle karıştırılabilen yaprak semptomlarına (Şekil 2-üst yaprak) neden olabilir. Beyaz çeşitler kloroz ve ardından nekroz alanları gösterirken, kırmızı çeşitler kırmızı ve ardından nekroz alanları ile karakterize edilir. İlkbaharın erken belirtileri arasında sürgün ucu ölümü, yaprak renk bozulması ve şiddetli vakalarda tam yaprak dökülmesi bulunur.","Bugüne kadar bu hastalığı kontrol altına almak için etkili bir yöntem yoktur. Enfekte meyveleri, yaprakları ve gövdeyi çıkarın ve yok edin. Mantar enfeksiyonunu en aza indirmek için kuru erik yaralarını yara kapatıcı (akrilik boyada %5 borik asit) veya esansiyel yağ veya uygun mantar öldürücüler kullanarak koruyun.",https://www.researchgate.net/profile/Laura-Mugnai/publication/43161073/figure/fig1/AS:340404659605512@1458 170203496/Asmada-kloroz-esca-ve-yapraklarda-nekrozun-gösterilmesiyle ilişkili semptomlar_Q320.jpg
14,Üzüm : Yaprak Yanıklığı | Isariopsis Yaprak Lekesi,"Mantar, asmanın tüm yeşil kısımlarına saldırabilen zorunlu bir patojendir. Bu hastalığın belirtileri sıklıkla külleme hastalığının belirtileriyle karıştırılır. Enfekte yapraklarda soluk sarı-yeşil lezyonlar gelişir ve bunlar giderek kahverengiye döner. Ciddi şekilde enfekte olmuş yapraklar genellikle erken düşer. Enfekte olmuş yaprak sapları, sülükler ve sürgünler genellikle kıvrılır, çoban asası şeklini alır ve sonunda kahverengiye döner ve ölür. Genç meyveler enfeksiyona karşı oldukça hassastır ve genellikle mantarın beyaz meyve yapılarıyla kaplıdır. Beyaz çeşitlerin enfekte olmuş yaşlı meyveleri donuk gri-yeşile dönerken, siyah çeşitlerin meyveleri pembemsi kırmızıya döner.","İnokulum seviyelerini azaltmak için uykuda spreyler uygulayın. Kesin. O gölgeliği açın. Savunmanızı düşürmeyin. Erken keşif yapın, sık keşif yapın. Koruyucu ve sistemik mantar öldürücüler kullanın. Mantar öldürücü direncini göz önünde bulundurun. Havayı izleyin.",https://www.goodfruit.com/wp-content/uploads/Black-rot-lesions-on-leaves-indicate-potential-for-fruit-infection-1-feat2.jpg
15,Üzüm : Sağlıklı,"Sadece kök bölgesine su uygulayın. Üzüm yapraklarının ıslanmasından kaçının çünkü bu birçok üzüm hastalığına yol açabilir. Sonbaharda genç asmaların sulanmasını azaltın, böylece bitkinin kışa hazırlanmak için kamışlarını sertleştirmesi teşvik edilir. Daha yaşlı asmaların kumlu veya çok iyi drenajlı topraklarda olmadığı sürece nadiren sulanması gerekir.","Besinlerle, özellikle C ve K Vitaminleriyle doludur. Yüksek Antioksidan İçeriği Kronik Hastalıkları Önleyebilir. Bitkisel Bileşikler Bazı Kanser Türlerine Karşı Koruyabilir. Kalp Sağlığı İçin Çeşitli Etkileyici Şekillerde Faydalıdır. Kan Şekeri Seviyelerini Azaltabilir ve Diyabete Karşı Koruyabilir.",https://images.indianexpress.com/2021/02/grapes-1200.jpg
16,Turuncu : Haunglongbing | Citrus Greening,"Turunçgil yeşillenmesi hastalığı, vektör yoluyla bulaşan bir patojenin neden olduğu bir turunçgil hastalığıdır. HLB, damarların ve bitişik dokuların sararması gibi yaygın semptomlarla ayırt edilir; bunu tüm yaprağın benekli beneklenmesi, erken yaprak dökümü, dalların geriye doğru ölmesi, besleyici kökçüklerin ve yan köklerin çürümesi ve canlılıkta azalma ve en sonunda tüm bitkinin ölümü izler. Etkilenen ağaçlar bodurlaşır, çok sayıda mevsim dışı çiçek taşır (çoğu düşer) ve alt kısmı yeşil kalan ve çok acı tadı olan kalın, soluk bir kabuğa sahip küçük, düzensiz şekilli meyveler üretir. Yaygın semptomlar genellikle besin eksiklikleriyle karıştırılabilir; ancak besin eksiklikleri arasındaki ayırt edici faktör simetri desenidir. Besin eksiklikleri yaprak damar kenarı boyunca simetrik olma eğilimindeyken, HLB'de damar etrafında asimetrik bir sararma vardır. HLB'nin en belirgin semptomu, özellikle olgunlaşmadan sonra meyvenin yeşillenmesi ve bodurlaşmasıdır","Narenciye Yeşillenme Hastalığının yayılmasını önlemenin tek yolu ACP'yi (Asya Narenciye Psyllid) kontrol altına almaktır. Narenciye çok popüler ve yaygın olarak ekilen bir bahçe ağacı olduğundan, ev sahipleri bu önemli mücadelenin ön saflarındadır. Limon ağacına hem yaprakların üst hem de alt taraflarına Neem yağı böcek ilacı püskürtün. İstilanın boyutuna bağlı olarak 10-14 günde bir tekrarlamanız gerekebilir. Ardından küf büyümesini sıvı bakır mantar ilacı ile tedavi edin.",https://www.universityofcalifornia.edu/sites/default/files/CitrusGreening.jpg
17,Şeftali : Bakteri Lekesi,"Bakteriyel leke, Xanthomonas campestris pv. pruni'nin neden olduğu şeftali, nektarin, kayısı ve eriklerde görülen önemli bir hastalıktır. Bu hastalığın belirtileri arasında meyve lekeleri, yaprak lekeleri ve dal kanserleri bulunur. Meyve belirtileri arasında çukurlaşma, çatlama, sakızlanma ve suyla ıslanmış doku bulunur ve bu da meyveyi kahverengi çürümeye, rizopusa ve diğer mantar enfeksiyonlarına karşı daha duyarlı hale getirebilir. Şiddetli yaprak lekesi enfeksiyonları erken yaprak dökülmesine neden olabilir. Şiddetli yaprak dökülmesi meyve boyutunun küçülmesine, güneş yanığına ve meyvenin çatlamasına neden olabilir. Erken yaprak döken ağaçların canlılığı ve kış dayanıklılığı azalır.","Bakteriyel lekenin meyve belirtileri, Cladosporium carpophyllium mantarının neden olduğu şeftali uyuzuyla karıştırılabilir, ancak uyuz lekeleri daha daireseldir, koyu kahverengi/yeşilimsi, tüylü bir görünüme sahiptir ve meyve yüzeyinde çukur oluşturmaz, ancak kabuk çatlaması meydana gelebilir. Uyuz, yaprak belirtilerine neden olmaz ancak dallarda lekelere neden olabilir. Bakteriyel lekenin ilk meyve lekeleri yüzeysel olabilir ancak kraterlere dönüşebilir.",https://www.gardeningknowhow.com/wp-content/uploads/2016/07/bacterial-spot-peach.jpg
18,Şeftali : Sağlıklı,"Şeftali ağaçları USDA Bölgeleri 5 ila 8 veya 9'da yetişir ve bodur veya standart boyutlarda mevcuttur, bu da onları arka bahçe meyve bahçeleri için harika bir seçim haline getirir. Çoğu süs bitkisinin aksine, şeftali ağaçlarının sağlıklı ve üretken kalabilmeleri için düzenli budama, gübreleme ve ilaçlama gerekir. Ağacınızın etrafındaki zemini su ve besin için rekabet edecek çim ve yabani otlardan arındırın ve cömertçe malçlayın.",Besinler ve Antioksidanlarla Doludur. Sindirime Yardımcı Olabilir. Kalp Sağlığını İyileştirebilir. Cildinizi Koruyabilir. Bazı Kanser Türlerini Önleyebilir. Alerji Semptomlarını Azaltabilir. Yaygın Olarak Bulunur ve Diyetinize Eklemesi Kolaydır.,https://www.tasteofhome.com/wp-content/uploads/2019/06/peaches-shutterstock_297863489-1.jpg
19,Biber çanı : Bakteriyel Leke,"Yaşlı yaprakların alt yüzeyinde küçük sivilceler ve üst yaprak yüzeyinde küçük suyla ıslanmış noktalar olarak görülen yaprak lekeleri bakteri lekesinin bir belirtisidir. Bu, Maryland'de önemli bir biber hastalığıdır. Bazen domateslere de saldırır. Sonunda, lekeler daha koyu kenarlı gri ila kahverengi merkezler geliştirir. Lezyonlar sıcak ve nemli havalarda büyür. Yapraklar daha sonra sararabilir, sonra kahverengiye dönebilir ve düşebilir. Lezyonlar ayrıca saplarda da gelişebilir. Meyvelerde yeme kalitesini etkilemeyen küçük, kabarık, pürüzlü noktalar gelişir. Ciddi şekilde enfekte olmuş yapraklar düşerek biberlerde güneş yanığına neden olur. Bakteriyel yaprak lekesi, sıçrayan yağmur ve ıslak, enfekte bitkilerle çalışma yoluyla yayılır. Bu hastalık, yağışlı havalarda bitkileri yapraksız bırakabilir. Sıcak ve kuru hava, bu hastalığın yayılmasını yavaşlatır. Hastalık tohum veya fidelerle gelebilir ve ürün artıklarında ve toprakta kışı geçirebilir.",Dayanıklı çeşitleri seçin Hastalıksız tohum ve fide satın alın. Tohumları %10'luk bir klorlu ağartıcı solüsyonunda (1 kısım ağartıcı; 9 kısım su) 2 dakika bekleterek işleyin. Ekimden önce tohumları iyice durulayın ve kurutun. Bitkileri saman veya çim kırpıntılarıyla kaplı gazete gibi kalın bir organik malzemeyle derinlemesine malçlayın. Üstten sulama yapmaktan kaçının. Sezon sonunda çok enfekte olmuş bitki parçalarını ve tüm kalıntıları çıkarın ve atın. Enfeksiyonun yayılmasını yavaşlatmak için her 10-14 günde bir sabit bakır (organik mantar ilacı) püskürtün. Enfeksiyonlar şiddetliyse biberleri farklı bir yere çevirin ve ekimden önce toprağı siyah plastik malç veya siyah peyzaj beziyle örtün.,https://extension.umd.edu/sites/default/files/_images/programs/grow_it_eat_it/diseases/BacterialLeafSpot/bacterial_leaf_spot_pepper_plant_l.jpg
20,Biber biber : Sağlıklı,"Biberleri iyi sulayın, ancak toprağı asla ıslak bırakmayın. Toprağı yaklaşık 6 inç derinliğinde nemlendirmek için sulayın, sonra hafifçe kurumasını bekleyin. Sulama özellikle meyve tutumu sırasında, minik biberler çiçeklerin yerini aldığında ve biberler olgunlaştığında önemlidir. Tutarlı nem biberlerin sıkı ve sağlıklı kalmasına yardımcı olur.","Kırmızı, Turuncu ve Sarı Dolmalık Biberler harika sağlık faydalarıyla doludur - vitaminlerle doludur ve kalorileri düşüktür! Mükemmel bir A vitamini, C vitamini ve potasyum kaynağıdırlar. Dolmalık Biberler ayrıca sağlıklı bir lif, folat ve demir dozu içerir.",https://www.healthbenefitstimes.com/9/gallery/bell-peppers/dolmalık-biber-yaprakları.jpg
21,Patates : Erken Yanıklık,"Çoğu üretim alanında, erken yanıklık her yıl bir dereceye kadar görülür. Erken yanıklığın şiddeti, yağmur, çiy veya sulamadan kaynaklanan yaprak ıslaklığının sıklığına; yaprakların besin durumuna; ve çeşidin duyarlılığına bağlıdır. Erken yanıklığın ilk belirtileri, eski (alt) yapraklarda küçük, dairesel veya düzensiz, koyu kahverengi ila siyah noktalar olarak görülür. Bu noktalar çap olarak 3/8 inçe kadar büyür ve giderek köşeli hale gelebilir. Genç, tamamen genişlemiş yapraklardaki ilk lezyonlar, kahverengi nokta lezyonlarıyla karıştırılabilir. Bu ilk lezyonlar enfeksiyondan yaklaşık iki ila üç gün sonra ortaya çıkar ve bu lezyonların yüzeyinde daha fazla sporlanma üç ila beş gün sonra meydana gelir.","Erken yanıklığın tedavisi, hastalığa dayanıklı patates çeşitleri ekerek önlemeyi içerir; geç olgunlaşanlar erken olgunlaşan çeşitlerden daha dayanıklıdır. Üstten sulamadan kaçının ve yaprakların olabildiğince çabuk kurumasını sağlamak için bitkiler arasında yeterli havalandırma sağlayın.",https://www.ag.ndsu.edu/publications/crops/early-blight-in-potato/figure-1-opt.jpeg/@@images/468990cc-77a9-4e29-8779-0eb3e94e0407.jpeg
22,Patates : Geç Yanıklık,"Birincil konak patatestir, ancak P. infestans ayrıca patates için inokulum kaynağı görevi görebilen domates, petunya ve tüylü patlıcangiller gibi diğer patlıcangil bitkilerini de enfekte edebilir. Tarlada geç yanıklığın ilk belirtileri küçük, açık ila koyu yeşil, dairesel ila düzensiz şekilli suyla ıslanmış lekelerdir. Bu lezyonlar genellikle ilk olarak alt yapraklarda görülür. Lezyonlar genellikle çiğin en uzun süre tutulduğu yaprak uçlarına veya kenarlarına yakın yerlerde gelişmeye başlar. Serin, nemli havalarda bu lezyonlar hızla büyük, koyu kahverengi veya siyah lezyonlara dönüşür ve genellikle yağlı görünür. Yaprak lezyonları ayrıca sıklıkla sarı bir klorotik hale ile çevrilidir","Batı Bengal'de şiddetli geç yanıklık, hastalığın başlangıcında %0,25 oranında mankozeb'in profilaktik spreylenmesi, ardından %0,3 oranında simoksanil+mankozeb veya dimetomorf+mankozeb ve sistemik fungisitlerin uygulanmasından yedi gün sonra %0,25 oranında bir mankozeb spreyi ile etkili bir şekilde yönetilebilir.",https://www.ag.ndsu.edu/publications/crops/late-blight-in-potato/figure-2-opt.jpeg/@@images/dfe1e0b4-08d4-404a-8e66-474de72b1e91.jpeg
23,Patates : Sağlıklı,"Birçok patatesin gelişmesi için sabit nem seviyelerine ihtiyacı vardır, bu nedenle yumrular oluştuğunda her gün düzenli olarak sulayın. Patates bitkilerini suladığınızda, yaklaşık 8-10 inçlik zemin seviyesine ulaşmalıdır. Sıcak veya ılık mevsimlerde toprak hızla kuruduğu için patates bitkilerini günde iki kez büyük miktarlarda sulayın.","Besinlerle Dolu. Pinterest'te Paylaş. Antioksidanlar İçerir. Patatesler flavonoidler, karotenoidler ve fenolik asitler gibi bileşikler açısından zengindir (4). Kan Şekeri Kontrolünü İyileştirebilir. Sindirim Sağlığını İyileştirebilir. Doğal Olarak Glutensiz. İnanılmaz Doyurucu. Son Derece Çok Yönlü.",https://www.garden.eco/wp-content/uploads/2018/06/can-you-eat-potato-leaves.jpg
24,Ahududu : Sağlıklı,"İlkbahardan hasat sonrasına kadar haftada bir inç sulayın. Düzenli sulama, seyrek derin ıslatmadan daha iyidir. Sıralardan çok uzakta büyüyen ""emicileri"" veya kamışları kazarak ahududu çalılarınızı düzenli tutun; kazmazsanız, besinleri çekerler ve gelecek yıl daha az meyveniz olur.",Kalp fonksiyonu için gerekli olan ve kan basıncını düşürdüğü kanıtlanmış potasyum sağlarlar. Ahududulardaki omega-3 yağ asitleri felç ve kalp hastalıklarını önlemeye yardımcı olabilir. Ayrıca sağlıklı kemikler ve cilt için gerekli olan ve kan şekerini düzenlemeye yardımcı olan manganez adı verilen bir mineral içerirler.,https://www.gardeningknowhow.com/wp-content/uploads/2009/04/raspberry.jpg
25,Soya Fasulyesi : Sağlıklı,Soya fasulyeleri toprağa girene kadar ekim yataklarını eşit şekilde nemli tutun. Çiçeklenme ve bakla oluşumu sırasında düzenli olarak sulayın. Çiçeklerin ve baklaların düşmesine neden olabilecek üstten sulamadan kaçının. Toprak nemini korumak için toprak 60°F'nin (16°C) üzerine çıktığında malçlayın.,"lif açısından zengin, protein açısından zengin, doymuş yağ açısından düşük, kolesterol içermeyen, laktoz içermeyen, iyi bir omega-3 yağ asitleri kaynağı, antioksidan kaynağı, fitoöstrojen açısından zengin.",https://upload.wikimedia.org/wikipedia/commons/a/ac/Soybean_leaves.jpg
26,Kabak : Toz halinde küf,"Hem üst hem de alt yaprak yüzeylerinde beyaz tozlu lekeler oluşabilir ve hızla büyük lekelere dönüşebilir. Tozlu küf bitkiyi zayıflatır ve meyve erken olgunlaşır. Enfekte bitkilerde daha az ve daha küçük meyveler büyür. Sıcak ve kuru koşullarda yeni sporlar oluşur ve hastalığı kolayca yayar. Tozlu küf belirtileri ilk olarak Minnesota'da yaz ortasından sonuna kadar görülür. Bitkilerin etrafında uygun aralık, bitkilerin kazıklanması ve yabani ot kontrolü yoluyla iyi hava dolaşımı sağlayın. Duyarlı çeşitler, geçmişte tozlu küfün verim kaybına yol açtığı bir alanda büyüyorsa, mantar ilacı gerekebilir.","Bir yemek kaşığı karbonat ve yarım çay kaşığı sıvı, deterjansız sabunu bir galon suyla karıştırın ve karışımı bitkilere bolca püskürtün. Ağız gargarası. Ağzınızdaki mikropları öldürmek için günlük olarak kullanabileceğiniz ağız gargarası, külleme sporlarını öldürmede de etkili olabilir.",https://extension.umn.edu/sites/extension.umn.edu/files/styles/caption_medium/public/powdery-mildew-2.jpg?itok=Un68av52
27,Çilek : Yaprak Yanığı,"Yaprak yanıklığı belirtileri, üst yaprak yüzeyine dağılmış düzensiz koyu mor lekelerle, yaygın (Mycosphaerella) yaprak lekesinin erken evrelerine çok benzer. Lekeler büyüdükçe, katran damlaları gibi görünmeye başlarlar ve aslında mantarın siyah meyve gövdelerinin (acervuli) birikimleridir. Lekelerin merkezleri mor kalır (Mycosphaerella yaprak lekesinde beyazdır) ve iyi tanımlanmış bir lezyon sınırı yoktur. Ağır enfeksiyonlarda, bu bölgeler birleşir ve lezyonlar arasındaki doku genellikle kültüre, sıcaklığa veya diğer faktörlere bağlı olarak morumsu ila parlak kırmızı bir renk alır. Yapraklar sonunda kahverengiye döner, kurur ve kenarlarda kıvrılarak yaprağa yanık bir görünüm verir. Acervuli ve konidial morfolojisinin incelenmesi, hastalığın bu ileri evresinde yaprak lekesi ile yaprak yanığı arasında ayrım yapmaya yardımcı olabilir. Yaprak yanıklığı lezyonlarının üst yaprak yüzeylerinde, acervuliler parlak spor kütleleri ve koyu apotesyumlarla koyu renktedir. Yaprak sapı lezyonları uzunlamasına, çökük, morumsu ila kahverengi renktedir ve yaprak sapını kuşatarak yaprağı öldürebilir. Koşucular, meyve sapları, meyveler ve şapkalar da enfekte olabilir. Bitkiler zayıflayabilir ve taçların sayısı ve canlılığı azalabilir. Enfeksiyon bitkileri kış ve kuraklık stresine yatkın hale getirir. Şiddetli istilalarda çiçekler ve meyveler ölebilir.","Çilek bitkilerindeki yaprak yanıkları sinir bozucu olabilirken, ev bahçıvanlarının bahçede yayılmasını önlemek için uygulayabilecekleri bazı stratejiler vardır. Çilek yaprak yanıklarını kontrol etmenin birincil yolu her zaman önleme olmalıdır. Bu mantar patojeni enfekte bitkilerin düşen yapraklarında kışı geçirdiğinden, uygun bahçe temizliği önemlidir. Buna, çilek tarlasından enfekte bahçe artıklarının temizlenmesi ve sık sık yeni çilek fidelerinin yerleştirilmesi dahildir. Yeni ekimler ve çilek tarlaları oluşturmak, tutarlı bir çilek hasadı sağlamak için önemlidir, çünkü eski bitkilerin şiddetli enfeksiyon belirtileri gösterme olasılığı daha yüksektir.",https://content.ces.ncsu.edu/media/images/17531_IMG_2126.JPG
28,Çilek : Sağlıklı,"Güneşli bir yer bulun çünkü bol ışığı severler ve buna ihtiyaç duyarlar. Ben sabah güneşi aldıkları bir yeri tercih ederim. Eğer saksılarda ve/veya diğer kaplarda tutuyorsanız, değişen güneş ışığından faydalanmak için gün içinde onları hareket ettirmeniz iyi olur. Susayan bitkilerdir. Özellikle meyve veriyorlarsa, her gün sulayın. Hastalıkları önlemek için bunu sabah yapmak ve yaprakları ıslatmaktan kaçınmak en iyisidir. Onları aşırı hava koşullarından ve rüzgardan koruyun. Güneş ışığını sevseler bile, doğrudan öğle güneşine maruz kalmanın da zararlı olabileceğini lütfen unutmayın. Saksıların drenajının iyi olup olmadığını kontrol edin. Yabani otları ve istenmeyen bitkileri kontrol altında tutun. Çilek üretmek için çok fazla enerjiye ihtiyaç duydukları için onları gübrelemeniz gerekir. Dengeli bir gübre satın alın (10-10-10, 12-12-12, vb.). Talimatları izleyin çünkü çok fazla gübre meyve verimini azaltabilir ve ayrıca sürgün üretimini teşvik edebilir.","Çileğin kalp şeklindeki silüeti, bu meyvenin sizin için iyi olduğuna dair ilk ipucudur. Bu güçlü küçük paketler kalbinizi korur, HDL (iyi) kolesterolü artırır, kan basıncınızı düşürür ve kansere karşı korur. Vitaminler, lif ve özellikle polifenoller olarak bilinen yüksek antioksidan seviyeleriyle dolu çilekler, sodyumsuz, yağsız, kolesterolsüz, düşük kalorili bir besindir. Antioksidan kapasitesi bakımından ilk 20 meyve arasındadır ve iyi bir manganez ve potasyum kaynağıdır. Sadece bir porsiyon -yaklaşık sekiz çilek- bir portakalın sağladığından daha fazla C vitamini sağlar.",https://www.canr.msu.edu/uploads/images/7-12-11-MARK-plhstrw4.jpg
29,Domates : Bakteri Lekesi,"Domatesin bakteriyel lekesi, şiddetli vakalarda pazarlanamaz meyvelere ve hatta bitki ölümüne yol açabilen, potansiyel olarak yıkıcı bir hastalıktır. Bakteriyel leke, domateslerin yetiştirildiği her yerde oluşabilir, ancak en sık sıcak, nemli iklimlerde ve seralarda bulunur. Hastalık genellikle Wisconsin'de bir sorundur. Bakteriyel leke, yapraklar, gövdeler ve meyveler dahil olmak üzere bir domates bitkisinin tüm toprak üstü kısımlarını etkileyebilir. Bakteriyel leke, yapraklarda küçük (? inçten az), bazen suyla ıslanmış (yani ıslak görünümlü) dairesel alanlar olarak görünür. Lekeler başlangıçta sarı-yeşil olabilir, ancak yaşlandıkça koyulaşarak kahverengimsi-kırmızıya döner. Hastalık şiddetli olduğunda, yaygın yaprak sararması ve yaprak kaybı da meydana gelebilir. Yeşil meyvelerde, lekeler genellikle küçük, kabarık ve kabarcık benzeridir ve sarımsı bir haleye sahip olabilir. Meyve olgunlaştıkça, lekeler büyür (maksimum ¼ inç boyutuna ulaşır) ve kahverengi, kabuklu ve pürüzlü hale gelir. Olgun lekeler kabarık veya kabarık kenarlı çökük olabilir.","Bakteriyel leke patojenlerinin kontamine tohum veya fidelere girmesini önlemek için patojen içermeyen tohum veya fideler ekin. Temiz bir tohum kaynağı yoksa veya tohumunuzun kontamine olduğundan şüpheleniyorsanız, patojenleri öldürmek için tohumları 25 dakika boyunca 122°F'lik suda bekletin. Yaprakları kuru tutmak ve patojenlerin yayılmasını önlemek için, yerleşik bitkilere yukarıdan sulama (örneğin, bir çubuk veya fıskiye ile) yapmaktan kaçının ve bunun yerine damlama bandı veya ıslatma hortumu kullanın. Ayrıca, yayılmayı önlemek için, bitkileri ıslakken (örneğin, çiyden) ellemeyin ve aletleri rutin olarak %10'luk çamaşır suyu çözeltisi veya (daha iyi) %70'lik alkol (örneğin, sürtünme alkolü) ile sterilize edin. Bakteriyel leke tekrarlayan bir sorun olduğunda, özellikle sıcak ve ıslak dönemlerde domateste kullanım için kayıtlı bakır bazlı ürünlerin önleyici uygulamalarını kullanmayı düşünün. Ancak, aşırı veya uzun süre kullanıldığında, bakırın artık hastalığı kontrol edemeyebileceğini unutmayın. Seçtiğiniz ürünün etiketinde yer alan tüm talimatları okuyup uyguladığınızdan emin olun; böylece ürünü mümkün olan en güvenli ve etkili şekilde kullandığınızdan emin olabilirsiniz.",https://www.growingproduce.com/wp-content/uploads/2019/08/bacterial_spot_tomato.jpg
30,Domates : Erken yanıklık,"Erken yanıklık, domates yetiştirilen hemen hemen her mevsimde görülen en yaygın domates hastalıklarından biridir. Yaprakları, meyveleri ve sapları etkiler ve hassas çeşitler kullanıldığında ve hava koşulları uygun olduğunda verimi ciddi şekilde sınırlayabilir. Şiddetli yaprak dökülmesi meydana gelebilir ve meyvede güneş yanığına neden olabilir. Erken yanıklık, Minnesota'da hem tarla hem de yüksek tünel domates üretiminde yaygındır.","Hava sirkülasyonunu iyileştirmek ve mantar sorunlarını azaltmak için bitkileri budayın veya kazıklayın. Her kesimden sonra budama makasınızı dezenfekte ettiğinizden emin olun (bir kısım çamaşır suyu ve 4 kısım su). Bitkilerin altındaki toprağı temiz ve bahçe artıklarından arındırılmış tutun. Sporların bitkilere sıçramasını önlemek için bir kat organik kompost ekleyin. Yaprakların kuru kalmasına yardımcı olmak için damla sulama ve ıslatma hortumları kullanılabilir. En iyi kontrol için, hastalık normalde ortaya çıkmadan iki hafta önce veya hava tahminleri uzun süreli yağışlı hava öngördüğünde bakır bazlı mantar öldürücüleri erken uygulayın. Alternatif olarak, hastalık ilk ortaya çıktığında tedaviye başlayın ve gerektiği kadar uzun süre her 7-10 günde bir tekrarlayın. Bakır ve piretrinler içeren Bonide® Garden Dust, birçok böcek saldırısı ve mantar sorunu için güvenli, tek adımlı bir kontroldür. En iyi sonuçlar için, yaprakların hem üstlerini hem de altlarını ince, düzgün bir film veya tozla örtün. Yaprak yoğunluğuna bağlı olarak, 10 oz 625 ft kareyi kaplayacaktır. Gerektiğinde her 7-10 günde bir uygulamaları tekrarlayın.",https://extension.umn.edu/sites/extension.umn.edu/files/styles/large/public/early-blight-leaf-tomato.jpg?itok=woYQQlrF
31,Domates : Geç yanıklık,"Geç yanıklık, oomycete Phytophthora infestans tarafından meydana getirilir. Oomycetes, su küfleri olarak da adlandırılan mantar benzeri organizmalardır, ancak gerçek mantar değildirler. P. infestans'ın birçok farklı suşu vardır. Bunlara klonal soylar denir ve bir sayı koduyla (yani US-23) belirtilir. Birçok klonal soy hem domatesi hem de patatesi etkiler, ancak bazı soylar bir konukçuya veya diğerine özgüdür. Geç yanıklık, domates ve patatesin potansiyel olarak yıkıcı bir hastalığıdır, domates bitkilerinin yapraklarını, gövdelerini ve meyvelerini enfekte eder. Hastalık tarlalarda hızla yayılır ve tedavi edilmezse toplam ürün başarısızlığına neden olabilir. Patatesin geç yanıklığı, 1840'ların sonlarında İrlanda'da yaşanan patates kıtlığından sorumluydu.","Domates geç yanıklığını kontrol altına almanın ilk adımı hijyendir. Bahçedeki tüm döküntüleri ve düşen meyveleri temizleyin. Bu, özellikle uzun süreli donmanın olası olmadığı ve geç yanıklık domates hastalığının düşen meyvelerde kışlayabileceği daha sıcak bölgelerde önemlidir. Şu anda geç domates yanıklığına dayanıklı domates türü bulunmamaktadır, bu nedenle bitkiler haftada en az iki kez incelenmelidir. Geç yanıklık belirtilerinin ıslak koşullarda ortaya çıkma olasılığı daha yüksek olduğundan, bu zamanlarda daha fazla özen gösterilmelidir. Ev bahçıvanları için, maneb, mankozeb, klorotanolil veya sabit bakır içeren mantar ilaçları bitkileri geç domates yanıklığından korumaya yardımcı olabilir. Hastalık herhangi bir zamanda ortaya çıkabileceğinden, büyüme mevsimi boyunca tekrarlanan uygulamalar gereklidir. Organik bahçıvanlar için, kullanımı onaylanmış bazı sabit bakır ürünleri vardır; aksi takdirde, tüm enfekte bitkiler derhal çıkarılmalı ve imha edilmelidir.","https://www.canr.msu.edu/contentAsset/image/e97d1ef0-5b55-49b0-ab4e-c57dcbeca65e/fileAsset/filter/Resize,Jpeg/resize_w/750/jpeg_q/80"
32,Domates : Yaprak Küfü,"Domates yaprak küfü, yaprakların uzun süre ıslak kaldığı ve bağıl nemin yüksek olduğu (yüzde 85'ten fazla) durumlarda gelişebilen bir mantar hastalığıdır. Bu nem gereksinimi nedeniyle hastalık öncelikle seralarda ve seralarda görülür. Domates yaprak küfü, ilkbaharın başlarındaki sıcaklıklarda (50,9 derece Fahrenheit) veya yazın karakteristik sıcaklıklarında (90 F) gelişebilir. Domates yaprak küfünün optimum sıcaklığı 70'lerin başındadır. Hastalığın belirtileri arasında üst yaprak yüzeyinde sarı lekeler bulunur. Etkilenen yaprakların alt tarafında zeytin yeşili sporların ayrı ayrı kümeleri görülebilir.","Domates bitkilerini fungisit ile tedavi ederken, özellikle hastalığın sıklıkla oluştuğu yaprakların alt tarafı olmak üzere, bitkinin toprağın üstündeki tüm alanlarını kapladığınızdan emin olun. Yaprak küfü sorunlarını tedavi etmek için kalsiyum klorür bazlı spreyler önerilir. Organik fungisit seçenekleri de mevcuttur.",https://www.gardeningknowhow.com/wp-content/uploads/2018/04/tomato-leaf-mold-400x300.jpg
33,Domates : Septoria Yaprak Lekesi,"Septoria yaprak lekesi, Septoria lycopersici adlı bir mantardan kaynaklanır. Domates yapraklarının en yıkıcı hastalıklarından biridir ve özellikle ıslak, nemli havanın uzun süre devam ettiği bölgelerde şiddetlidir. Septoria yaprak lekesi genellikle ilk meyve setlerinden sonra alt yapraklarda görülür. Lekeler daireseldir, yaklaşık 1/16 ila 1/4 inç çapındadır, koyu kahverengi kenarları ve küçük siyah meyve yapıları olan ten rengi ila gri merkezleri vardır. Karakteristik olarak, yaprak başına birçok leke vardır. Bu hastalık en eski büyümeden en genç büyümeye doğru yukarı doğru yayılır. Yaprak lezyonları çok sayıdaysa, yapraklar hafifçe sarıya döner, sonra kahverengiye döner ve sonra solar. Meyve enfeksiyonu nadirdir.","Hastalıklı yaprakları temizleyin. Bitkilerin etrafındaki hava sirkülasyonunu iyileştirin. Bitkilerin tabanının etrafını malçlayın. Malçlama, döküntülerle ilişkili mantar sporları içerebilen toprağın sıçramasını azaltacaktır. Toprak ısındıktan sonra malç uygulayın. Yukarıdan sulama yapmayın. Yukarıdan sulama, enfeksiyonu kolaylaştırır ve hastalığı yayar. Yaprakların kuru kalmasını sağlamak için bitkinin tabanına bir ıslatma hortumu kullanın. Günün erken saatlerinde sulayın. Yabani otları kontrol edin. Patlıcan otu ve at ısırganı sıklıkla Septoria yaprak lekesinin konukçularıdır ve bahçe alanının etrafından yok edilmelidir. Ürün rotasyonu yapın. Gelecek yıl hastalıklı domateslerin yetiştiği aynı yere domates ekmeyin. Bu alanlara domatesleri tekrar dikmeden önce 1-2 yıl bekleyin. Mantar öldürücü spreyler kullanın.",https://www.missouribotanicalgarden.org/portals/0/Gardening/Gardening%20Help/images/Pests/Septoria_Leaf_Spot_of_Tomato187.jpg
34,Domates : Örümcek Akarları | İki Noktalı Örümcek Akarı,"İki noktalı örümcek akarı, New England'daki sebze ve meyve mahsullerine saldıran en yaygın akar türüdür. Örümcek akarları domates, patlıcan, patates, kavun, salatalık ve diğer mahsuller gibi asma mahsullerinde ortaya çıkabilir. İki noktalı örümcek akarları patlıcanın en önemli zararlılarından biridir. Yılda 20'ye kadar nesilleri vardır ve aşırı azot ve kuru ve tozlu koşullar tarafından tercih edilirler. Salgınlar genellikle akar popülasyonlarını yönetmeye yardımcı olan çok sayıda doğal düşmana müdahale eden geniş spektrumlu böcek ilaçlarının kullanımından kaynaklanır. Çoğu zararlıda olduğu gibi, sorunu erken yakalamak daha kolay kontrol anlamına gelecektir.","Yabani otlu tarlalardan kaçının ve patlıcanı baklagil yem bitkilerinin yanına dikmeyin. Diğer zararlılar için erken sezon, geniş spektrumlu böcek ilacı uygulamalarından kaçının. Aşırı gübreleme yapmayın. Üstten sulama veya uzun süreli yağmur dönemleri popülasyonları azaltmaya yardımcı olabilir.",https://entomology.ca.uky.edu/files/styles/panopoly_image_original/public/310a.jpg?itok=XNlP0H9H
35,Domates : Hedef Nokta,"Hastalık yaşlı yapraklarda başlar ve yukarı doğru yayılır. İlk belirtiler, sarı kenarlı düzensiz şekilli lekelerdir (1 mm'den küçük). Lekelerin bazıları 10 mm'ye kadar büyür ve karakteristik halkalar gösterir, bu nedenle ""hedef leke"" adı verilir. Tüm yaprakçıklara ve diğer yapraklara yayılma hızlıdır, yaprakların sararmasına, çökmesine ve ölmesine neden olur. Lekeler ayrıca saplarda da görülür. Uzun ve incedirler. Meyvede koyu kenarlı küçük açık kahverengi lekeler de görülebilir. Sporlar rüzgarla savrulan yağmurla yayılır ve rüzgarlı ıslak hava birkaç gün devam ederse yayılma hızlıdır ve bitkiler yapraklarını hızla kaybeder.","Kültürel kontrol önemlidir. Aşağıdakiler yapılmalıdır: Hastalığı olan eski bitkilerin yanına yeni bitkiler ekmeyin. Papayadan mümkün olduğunca uzağa, özellikle de yapraklarında küçük köşeli lekeler varsa, bitki ekin (Fotoğraf 5). Fidanlıktaki tüm fideleri kontrol edin ve yaprak lekeleri olanları atın. Daha iyi hava akışı sağlamak için bitkilerin alt kısımlarından birkaç dal çıkarın. Hastalık görülür görülmez, özellikle alt meyve salkımları toplandıktan sonra, alt yaprakları çıkarın ve yakın. Bazıları mantarın konukçusu olabileceğinden, arazileri yabani otlardan uzak tutun. Üstten sulama kullanmayın; aksi takdirde spor üretimi ve enfeksiyon için koşullar yaratacaktır. Hasat tamamlandığında mümkün olduğunca çok ürünü toplayın ve yakın. Aynı araziye domates ekmeden önce 3 yıl bırakarak ürün rotasyonu uygulayın.",https://barmac.com.au/wp-content/uploads/sites/3/2016/01/Target-Spot-Tomato1.jpg
36,Domates : Sarı Yaprak Kıvrılma Virüsü,"Domates sarı yaprak kıvrılma virüsü, Begomovirus cinsi ve Geminiviridae familyasındaki bir türdür. Domates sarı yaprak kıvrılma virüsü (TYLCV) enfeksiyonu domates bitkilerinde ciddi semptomlara neden olur ve dünya çapında ciddi verim kayıplarına yol açar. TYLCV, tatlı patates beyaz sineği, Bemisia tabaci (Gennadius) tarafından sürekli olarak bulaştırılır. TYLCV'ye karşı direnç sağlayan tek veya birkaç gene sahip çeşitler ve melezler, genellikle TYLCV kaynaklı kayıpları azaltmak için ekilir. Bu dirençli genotipler (türler veya melezler) TYLCV'ye karşı bağışık değildir. Genellikle sistemik enfeksiyon geliştirirler, hafif semptomlar gösterirler ve TYLCV baskısı altında duyarlı genotiplerden daha fazla pazarlanabilir domates üretirler. Birkaç patojenik sistemde, tek baskın direnç sağlayan gene sahip dirençli çeşitlerin yaygın kullanımı, virüs üzerinde yoğun seçilim baskısına, oldukça virülan suşların gelişmesine ve direncin bozulmasına yol açmıştır.","Sadece virüs ve beyaz sinek içermeyen domates ve biber nakilleri kullanın. Nakiller, beyaz sinek yetişkinleri için Capture (bifenthrin) veya Venom (dinotefuran) ve yumurta ve nimfler için Oberon ile tedavi edilmelidir. Nakil evlerinde, nakliyeden en az yedi gün önce imidakloprid veya tiametoksam kullanılmalıdır. İmidakloprid, tüm bitkiye ve yaprakların altına püskürtülmelidir; yumurtalar ve sinekler genellikle yaprakların altında bulunur. Her 14-21 günde bir püskürtün ve beyaz sineklerin kimyasallara karşı direnç geliştirmemesi için Abamectin ile aylık olarak dönüşümlü olarak kullanın.",https://gd.eppo.int/media/data/taxon/T/TYLCV0/pics/1024x0/10609.jpg
37,Domates : Mozaik Virüsü,"Domates mozaik virüsü (ToMV) ve Tütün mozaik virüsü (TMV) birbirinden ayırt edilmesi zordur. Domates mozaik virüsü (ToMV) domates bitkilerinin sararmasına ve bodurlaşmasına neden olarak bitki kaybına ve verimin azalmasına yol açabilir. ToMV meyvenin düzensiz olgunlaşmasına neden olarak verimi daha da azaltabilir. Tütün mozaik virüsünün (TMV) bir zamanlar domateste daha yaygın olduğu düşünülüyordu. TMV genellikle domates patojeninden çok tütün patojenidir. Yapraklarda benekli açık ve koyu yeşil. Benekli açık ve koyu yeşil genç domates yaprağı, bodur büyüme, kıvrık ve kötü biçimli yapraklar. Domates fidesinde Tütün Mozaik Virüsü belirtileri Bitkiler erken enfekte olursa genel olarak sarı ve bodur görünebilirler. Yapraklar kıvrılmış, kötü biçimli veya boyutları küçülmüş olabilir.","Sertifikalı hastalıksız tohum kullanın veya kendi tohumlarınızı işleyin. Tohumları en az 15 dakika boyunca %10'luk bir trisodyum fosfat (Na3PO4) solüsyonunda bekletin. Veya kuru tohumları 158 °F'ye ısıtın ve bu sıcaklıkta iki ila dört gün tutun. Sadece saygın kaynaklardan nakil satın alın. Hastalığı önlemek için kullandıkları sanitasyon prosedürlerini sorun. Satın almadan önce nakilleri inceleyin. Sadece belirgin bir semptom göstermeyen nakilleri seçin. Virüs köklerde uzun süre yaşayabileceğinden, domates kök kalıntılarının bulunduğu tarlalara ekim yapmaktan kaçının. Bitkiler arasında olası yayılmayı azaltmak için bitkileri işlemeden önce ve işleme sırasında ellerinizi sabun ve suyla yıkayın.",http://ucanr.edu/blogs/dirt/blogfiles/71403_original.jpg
38,Domates : Sağlıklı,"Bir hafta önce ve ekim gününde gübreleyin. Özellikle fosforu severler, bu fosfor çiçeklerin ve onlardan yetişen meyvelerin veya sebzelerin oluşumunu destekler. Domates bitkilerinizde çiçekler varken yüksek nitrojenden kaçının çünkü bu meyve büyümesinden ziyade asma büyümesini destekler. Domates Fidelerini Sıkıştırmayın. Bol Işık Sağlayın. Bahçe Toprağını Önceden Isıtın. Sapları gömün. Toprak Isındıktan Sonra Domatesleri Malçlayın. Alt Yaprakları Çıkarın. Daha Fazla Domates İçin Sıkıştırın ve Budayın. Düzenli Olarak Sulayın.","Domates (Solanum lycopersicum), Güney Amerika'ya özgü patlıcangiller familyasından bir meyvedir. Botanik olarak bir meyve olmasına rağmen, genellikle bir sebze gibi yenir ve hazırlanır. Domatesler, kalp hastalığı ve kanser riskini azaltma gibi birçok sağlık yararıyla ilişkilendirilen antioksidan likopenin başlıca besin kaynağıdır. Ayrıca harika bir C vitamini, potasyum, folat ve K vitamini kaynağıdır.",https://cdn8.dissolve.com/p/D869_27_632/D869_27_632_1200.jpg
